"Program","Year","Period","Week Ending","Geo Level","State","State ANSI","Ag District","Ag District Code","County","County ANSI","Zip Code","Region","watershed_code","Watershed","Commodity","Data Item","Domain","Domain Category","Value","CV (%)"
"SURVEY","2023","YEAR","","STATE","ILLINOIS","17","","","","","","","00000000","","CORN","CORN, GRAIN - PLANT POPULATION, MEASURED IN PLANTS / ACRE","TOTAL","NOT SPECIFIED","32,400",""
"SURVEY","2023","YEAR","","STATE","INDIANA","18","","","","","","","00000000","","CORN","CORN, GRAIN - PLANT POPULATION, MEASURED IN PLANTS / ACRE","TOTAL","NOT SPECIFIED","31,100",""
"SURVEY","2023","YEAR","","STATE","IOWA","19","","","","","","","00000000","","CORN","CORN, GRAIN - PLANT POPULATION, MEASURED IN PLANTS / ACRE","TOTAL","NOT SPECIFIED","31,950",""
"SURVEY","2023","YEAR","","STATE","KANSAS","20","","","","","","","00000000","","CORN","CORN, GRAIN - PLANT POPULATION, MEASURED IN PLANTS / ACRE","TOTAL","NOT SPECIFIED","23,600",""
"SURVEY","2023","YEAR","","STATE","MINNESOTA","27","","","","","","","00000000","","CORN","CORN, GRAIN - PLANT POPULATION, MEASURED IN PLANTS / ACRE","TOTAL","NOT SPECIFIED","31,450",""
"SURVEY","2023","YEAR","","STATE","MISSOURI","29","","","","","","","00000000","","CORN","CORN, GRAIN - PLANT POPULATION, MEASURED IN PLANTS / ACRE","TOTAL","NOT SPECIFIED","27,400",""
"SURVEY","2023","YEAR","","STATE","NEBRASKA","31","","","","","","","00000000","","CORN","CORN, GRAIN - PLANT POPULATION, MEASURED IN PLANTS / ACRE","TOTAL","NOT SPECIFIED","26,650",""
"SURVEY","2023","YEAR","","STATE","OHIO","39","","","","","","","00000000","","CORN","CORN, GRAIN - PLANT POPULATION, MEASURED IN PLANTS / ACRE","TOTAL","NOT SPECIFIED","29,650",""
"SURVEY","2023","YEAR","","STATE","SOUTH DAKOTA","46","","","","","","","00000000","","CORN","CORN, GRAIN - PLANT POPULATION, MEASURED IN PLANTS / ACRE","TOTAL","NOT SPECIFIED","26,100",""
"SURVEY","2023","YEAR","","STATE","WISCONSIN","55","","","","","","","00000000","","CORN","CORN, GRAIN - PLANT POPULATION, MEASURED IN PLANTS / ACRE","TOTAL","NOT SPECIFIED","30,000",""
"SURVEY","2023","YEAR - NOV FORECAST","","STATE","ILLINOIS","17","","","","","","","00000000","","CORN","CORN, GRAIN - PLANT POPULATION, MEASURED IN PLANTS / ACRE","TOTAL","NOT SPECIFIED","32,400",""
"SURVEY","2023","YEAR - NOV FORECAST","","STATE","INDIANA","18","","","","","","","00000000","","CORN","CORN, GRAIN - PLANT POPULATION, MEASURED IN PLANTS / ACRE","TOTAL","NOT SPECIFIED","31,100",""
"SURVEY","2023","YEAR - NOV FORECAST","","STATE","IOWA","19","","","","","","","00000000","","CORN","CORN, GRAIN - PLANT POPULATION, MEASURED IN PLANTS / ACRE","TOTAL","NOT SPECIFIED","31,950",""
"SURVEY","2023","YEAR - NOV FORECAST","","STATE","KANSAS","20","","","","","","","00000000","","CORN","CORN, GRAIN - PLANT POPULATION, MEASURED IN PLANTS / ACRE","TOTAL","NOT SPECIFIED","23,600",""
"SURVEY","2023","YEAR - NOV FORECAST","","STATE","MINNESOTA","27","","","","","","","00000000","","CORN","CORN, GRAIN - PLANT POPULATION, MEASURED IN PLANTS / ACRE","TOTAL","NOT SPECIFIED","31,450",""
"SURVEY","2023","YEAR - NOV FORECAST","","STATE","MISSOURI","29","","","","","","","00000000","","CORN","CORN, GRAIN - PLANT POPULATION, MEASURED IN PLANTS / ACRE","TOTAL","NOT SPECIFIED","27,400",""
"SURVEY","2023","YEAR - NOV FORECAST","","STATE","NEBRASKA","31","","","","","","","00000000","","CORN","CORN, GRAIN - PLANT POPULATION, MEASURED IN PLANTS / ACRE","TOTAL","NOT SPECIFIED","26,650",""
"SURVEY","2023","YEAR - NOV FORECAST","","STATE","OHIO","39","","","","","","","00000000","","CORN","CORN, GRAIN - PLANT POPULATION, MEASURED IN PLANTS / ACRE","TOTAL","NOT SPECIFIED","29,650",""
"SURVEY","2023","YEAR - NOV FORECAST","","STATE","SOUTH DAKOTA","46","","","","","","","00000000","","CORN","CORN, GRAIN - PLANT POPULATION, MEASURED IN PLANTS / ACRE","TOTAL","NOT SPECIFIED","26,100",""
"SURVEY","2023","YEAR - NOV FORECAST","","STATE","WISCONSIN","55","","","","","","","00000000","","CORN","CORN, GRAIN - PLANT POPULATION, MEASURED IN PLANTS / ACRE","TOTAL","NOT SPECIFIED","30,050",""
"SURVEY","2023","YEAR - OCT FORECAST","","STATE","ILLINOIS","17","","","","","","","00000000","","CORN","CORN, GRAIN - PLANT POPULATION, MEASURED IN PLANTS / ACRE","TOTAL","NOT SPECIFIED","32,450",""
"SURVEY","2023","YEAR - OCT FORECAST","","STATE","INDIANA","18","","","","","","","00000000","","CORN","CORN, GRAIN - PLANT POPULATION, MEASURED IN PLANTS / ACRE","TOTAL","NOT SPECIFIED","30,800",""
"SURVEY","2023","YEAR - OCT FORECAST","","STATE","IOWA","19","","","","","","","00000000","","CORN","CORN, GRAIN - PLANT POPULATION, MEASURED IN PLANTS / ACRE","TOTAL","NOT SPECIFIED","31,900",""
"SURVEY","2023","YEAR - OCT FORECAST","","STATE","KANSAS","20","","","","","","","00000000","","CORN","CORN, GRAIN - PLANT POPULATION, MEASURED IN PLANTS / ACRE","TOTAL","NOT SPECIFIED","23,400",""
"SURVEY","2023","YEAR - OCT FORECAST","","STATE","MINNESOTA","27","","","","","","","00000000","","CORN","CORN, GRAIN - PLANT POPULATION, MEASURED IN PLANTS / ACRE","TOTAL","NOT SPECIFIED","31,450",""
"SURVEY","2023","YEAR - OCT FORECAST","","STATE","MISSOURI","29","","","","","","","00000000","","CORN","CORN, GRAIN - PLANT POPULATION, MEASURED IN PLANTS / ACRE","TOTAL","NOT SPECIFIED","27,300",""
"SURVEY","2023","YEAR - OCT FORECAST","","STATE","NEBRASKA","31","","","","","","","00000000","","CORN","CORN, GRAIN - PLANT POPULATION, MEASURED IN PLANTS / ACRE","TOTAL","NOT SPECIFIED","26,700",""
"SURVEY","2023","YEAR - OCT FORECAST","","STATE","OHIO","39","","","","","","","00000000","","CORN","CORN, GRAIN - PLANT POPULATION, MEASURED IN PLANTS / ACRE","TOTAL","NOT SPECIFIED","29,900",""
"SURVEY","2023","YEAR - OCT FORECAST","","STATE","SOUTH DAKOTA","46","","","","","","","00000000","","CORN","CORN, GRAIN - PLANT POPULATION, MEASURED IN PLANTS / ACRE","TOTAL","NOT SPECIFIED","26,150",""
"SURVEY","2023","YEAR - OCT FORECAST","","STATE","WISCONSIN","55","","","","","","","00000000","","CORN","CORN, GRAIN - PLANT POPULATION, MEASURED IN PLANTS / ACRE","TOTAL","NOT SPECIFIED","29,900",""
"SURVEY","2023","YEAR - SEP FORECAST","","STATE","ILLINOIS","17","","","","","","","00000000","","CORN","CORN, GRAIN - PLANT POPULATION, MEASURED IN PLANTS / ACRE","TOTAL","NOT SPECIFIED","32,550",""
"SURVEY","2023","YEAR - SEP FORECAST","","STATE","INDIANA","18","","","","","","","00000000","","CORN","CORN, GRAIN - PLANT POPULATION, MEASURED IN PLANTS / ACRE","TOTAL","NOT SPECIFIED","31,000",""
"SURVEY","2023","YEAR - SEP FORECAST","","STATE","IOWA","19","","","","","","","00000000","","CORN","CORN, GRAIN - PLANT POPULATION, MEASURED IN PLANTS / ACRE","TOTAL","NOT SPECIFIED","32,250",""
"SURVEY","2023","YEAR - SEP FORECAST","","STATE","KANSAS","20","","","","","","","00000000","","CORN","CORN, GRAIN - PLANT POPULATION, MEASURED IN PLANTS / ACRE","TOTAL","NOT SPECIFIED","23,800",""
"SURVEY","2023","YEAR - SEP FORECAST","","STATE","MINNESOTA","27","","","","","","","00000000","","CORN","CORN, GRAIN - PLANT POPULATION, MEASURED IN PLANTS / ACRE","TOTAL","NOT SPECIFIED","31,300",""
"SURVEY","2023","YEAR - SEP FORECAST","","STATE","MISSOURI","29","","","","","","","00000000","","CORN","CORN, GRAIN - PLANT POPULATION, MEASURED IN PLANTS / ACRE","TOTAL","NOT SPECIFIED","27,350",""
"SURVEY","2023","YEAR - SEP FORECAST","","STATE","NEBRASKA","31","","","","","","","00000000","","CORN","CORN, GRAIN - PLANT POPULATION, MEASURED IN PLANTS / ACRE","TOTAL","NOT SPECIFIED","26,600",""
"SURVEY","2023","YEAR - SEP FORECAST","","STATE","OHIO","39","","","","","","","00000000","","CORN","CORN, GRAIN - PLANT POPULATION, MEASURED IN PLANTS / ACRE","TOTAL","NOT SPECIFIED","30,050",""
"SURVEY","2023","YEAR - SEP FORECAST","","STATE","SOUTH DAKOTA","46","","","","","","","00000000","","CORN","CORN, GRAIN - PLANT POPULATION, MEASURED IN PLANTS / ACRE","TOTAL","NOT SPECIFIED","26,050",""
"SURVEY","2023","YEAR - SEP FORECAST","","STATE","WISCONSIN","55","","","","","","","00000000","","CORN","CORN, GRAIN - PLANT POPULATION, MEASURED IN PLANTS / ACRE","TOTAL","NOT SPECIFIED","30,300",""
"SURVEY","2022","YEAR","","STATE","ILLINOIS","17","","","","","","","00000000","","CORN","CORN, GRAIN - PLANT POPULATION, MEASURED IN PLANTS / ACRE","TOTAL","NOT SPECIFIED","32,450",""
"SURVEY","2022","YEAR","","STATE","INDIANA","18","","","","","","","00000000","","CORN","CORN, GRAIN - PLANT POPULATION, MEASURED IN PLANTS / ACRE","TOTAL","NOT SPECIFIED","28,600",""
"SURVEY","2022","YEAR","","STATE","IOWA","19","","","","","","","00000000","","CORN","CORN, GRAIN - PLANT POPULATION, MEASURED IN PLANTS / ACRE","TOTAL","NOT SPECIFIED","31,600",""
"SURVEY","2022","YEAR","","STATE","KANSAS","20","","","","","","","00000000","","CORN","CORN, GRAIN - PLANT POPULATION, MEASURED IN PLANTS / ACRE","TOTAL","NOT SPECIFIED","23,350",""
"SURVEY","2022","YEAR","","STATE","MINNESOTA","27","","","","","","","00000000","","CORN","CORN, GRAIN - PLANT POPULATION, MEASURED IN PLANTS / ACRE","TOTAL","NOT SPECIFIED","31,300",""
"SURVEY","2022","YEAR","","STATE","MISSOURI","29","","","","","","","00000000","","CORN","CORN, GRAIN - PLANT POPULATION, MEASURED IN PLANTS / ACRE","TOTAL","NOT SPECIFIED","27,200",""
"SURVEY","2022","YEAR","","STATE","NEBRASKA","31","","","","","","","00000000","","CORN","CORN, GRAIN - PLANT POPULATION, MEASURED IN PLANTS / ACRE","TOTAL","NOT SPECIFIED","26,200",""
"SURVEY","2022","YEAR","","STATE","OHIO","39","","","","","","","00000000","","CORN","CORN, GRAIN - PLANT POPULATION, MEASURED IN PLANTS / ACRE","TOTAL","NOT SPECIFIED","29,700",""
"SURVEY","2022","YEAR","","STATE","SOUTH DAKOTA","46","","","","","","","00000000","","CORN","CORN, GRAIN - PLANT POPULATION, MEASURED IN PLANTS / ACRE","TOTAL","NOT SPECIFIED","25,900",""
"SURVEY","2022","YEAR","","STATE","WISCONSIN","55","","","","","","","00000000","","CORN","CORN, GRAIN - PLANT POPULATION, MEASURED IN PLANTS / ACRE","TOTAL","NOT SPECIFIED","30,200",""
"SURVEY","2022","YEAR - NOV FORECAST","","STATE","ILLINOIS","17","","","","","","","00000000","","CORN","CORN, GRAIN - PLANT POPULATION, MEASURED IN PLANTS / ACRE","TOTAL","NOT SPECIFIED","32,450",""
"SURVEY","2022","YEAR - NOV FORECAST","","STATE","INDIANA","18","","","","","","","00000000","","CORN","CORN, GRAIN - PLANT POPULATION, MEASURED IN PLANTS / ACRE","TOTAL","NOT SPECIFIED","28,600",""
"SURVEY","2022","YEAR - NOV FORECAST","","STATE","IOWA","19","","","","","","","00000000","","CORN","CORN, GRAIN - PLANT POPULATION, MEASURED IN PLANTS / ACRE","TOTAL","NOT SPECIFIED","31,600",""
"SURVEY","2022","YEAR - NOV FORECAST","","STATE","KANSAS","20","","","","","","","00000000","","CORN","CORN, GRAIN - PLANT POPULATION, MEASURED IN PLANTS / ACRE","TOTAL","NOT SPECIFIED","23,350",""
"SURVEY","2022","YEAR - NOV FORECAST","","STATE","MINNESOTA","27","","","","","","","00000000","","CORN","CORN, GRAIN - PLANT POPULATION, MEASURED IN PLANTS / ACRE","TOTAL","NOT SPECIFIED","31,300",""
"SURVEY","2022","YEAR - NOV FORECAST","","STATE","MISSOURI","29","","","","","","","00000000","","CORN","CORN, GRAIN - PLANT POPULATION, MEASURED IN PLANTS / ACRE","TOTAL","NOT SPECIFIED","27,200",""
"SURVEY","2022","YEAR - NOV FORECAST","","STATE","NEBRASKA","31","","","","","","","00000000","","CORN","CORN, GRAIN - PLANT POPULATION, MEASURED IN PLANTS / ACRE","TOTAL","NOT SPECIFIED","26,200",""
"SURVEY","2022","YEAR - NOV FORECAST","","STATE","OHIO","39","","","","","","","00000000","","CORN","CORN, GRAIN - PLANT POPULATION, MEASURED IN PLANTS / ACRE","TOTAL","NOT SPECIFIED","29,700",""
"SURVEY","2022","YEAR - NOV FORECAST","","STATE","SOUTH DAKOTA","46","","","","","","","00000000","","CORN","CORN, GRAIN - PLANT POPULATION, MEASURED IN PLANTS / ACRE","TOTAL","NOT SPECIFIED","25,900",""
"SURVEY","2022","YEAR - NOV FORECAST","","STATE","WISCONSIN","55","","","","","","","00000000","","CORN","CORN, GRAIN - PLANT POPULATION, MEASURED IN PLANTS / ACRE","TOTAL","NOT SPECIFIED","30,200",""
"SURVEY","2022","YEAR - OCT FORECAST","","STATE","ILLINOIS","17","","","","","","","00000000","","CORN","CORN, GRAIN - PLANT POPULATION, MEASURED IN PLANTS / ACRE","TOTAL","NOT SPECIFIED","32,500",""
"SURVEY","2022","YEAR - OCT FORECAST","","STATE","INDIANA","18","","","","","","","00000000","","CORN","CORN, GRAIN - PLANT POPULATION, MEASURED IN PLANTS / ACRE","TOTAL","NOT SPECIFIED","28,550",""
"SURVEY","2022","YEAR - OCT FORECAST","","STATE","IOWA","19","","","","","","","00000000","","CORN","CORN, GRAIN - PLANT POPULATION, MEASURED IN PLANTS / ACRE","TOTAL","NOT SPECIFIED","31,550",""
"SURVEY","2022","YEAR - OCT FORECAST","","STATE","KANSAS","20","","","","","","","00000000","","CORN","CORN, GRAIN - PLANT POPULATION, MEASURED IN PLANTS / ACRE","TOTAL","NOT SPECIFIED","23,200",""
"SURVEY","2022","YEAR - OCT FORECAST","","STATE","MINNESOTA","27","","","","","","","00000000","","CORN","CORN, GRAIN - PLANT POPULATION, MEASURED IN PLANTS / ACRE","TOTAL","NOT SPECIFIED","31,250",""
"SURVEY","2022","YEAR - OCT FORECAST","","STATE","MISSOURI","29","","","","","","","00000000","","CORN","CORN, GRAIN - PLANT POPULATION, MEASURED IN PLANTS / ACRE","TOTAL","NOT SPECIFIED","27,100",""
"SURVEY","2022","YEAR - OCT FORECAST","","STATE","NEBRASKA","31","","","","","","","00000000","","CORN","CORN, GRAIN - PLANT POPULATION, MEASURED IN PLANTS / ACRE","TOTAL","NOT SPECIFIED","26,250",""
"SURVEY","2022","YEAR - OCT FORECAST","","STATE","OHIO","39","","","","","","","00000000","","CORN","CORN, GRAIN - PLANT POPULATION, MEASURED IN PLANTS / ACRE","TOTAL","NOT SPECIFIED","29,350",""
"SURVEY","2022","YEAR - OCT FORECAST","","STATE","SOUTH DAKOTA","46","","","","","","","00000000","","CORN","CORN, GRAIN - PLANT POPULATION, MEASURED IN PLANTS / ACRE","TOTAL","NOT SPECIFIED","26,200",""
"SURVEY","2022","YEAR - OCT FORECAST","","STATE","WISCONSIN","55","","","","","","","00000000","","CORN","CORN, GRAIN - PLANT POPULATION, MEASURED IN PLANTS / ACRE","TOTAL","NOT SPECIFIED","30,300",""
"SURVEY","2022","YEAR - SEP FORECAST","","STATE","ILLINOIS","17","","","","","","","00000000","","CORN","CORN, GRAIN - PLANT POPULATION, MEASURED IN PLANTS / ACRE","TOTAL","NOT SPECIFIED","32,050",""
"SURVEY","2022","YEAR - SEP FORECAST","","STATE","INDIANA","18","","","","","","","00000000","","CORN","CORN, GRAIN - PLANT POPULATION, MEASURED IN PLANTS / ACRE","TOTAL","NOT SPECIFIED","29,050",""
"SURVEY","2022","YEAR - SEP FORECAST","","STATE","IOWA","19","","","","","","","00000000","","CORN","CORN, GRAIN - PLANT POPULATION, MEASURED IN PLANTS / ACRE","TOTAL","NOT SPECIFIED","31,750",""
"SURVEY","2022","YEAR - SEP FORECAST","","STATE","KANSAS","20","","","","","","","00000000","","CORN","CORN, GRAIN - PLANT POPULATION, MEASURED IN PLANTS / ACRE","TOTAL","NOT SPECIFIED","22,600",""
"SURVEY","2022","YEAR - SEP FORECAST","","STATE","MINNESOTA","27","","","","","","","00000000","","CORN","CORN, GRAIN - PLANT POPULATION, MEASURED IN PLANTS / ACRE","TOTAL","NOT SPECIFIED","31,300",""
"SURVEY","2022","YEAR - SEP FORECAST","","STATE","MISSOURI","29","","","","","","","00000000","","CORN","CORN, GRAIN - PLANT POPULATION, MEASURED IN PLANTS / ACRE","TOTAL","NOT SPECIFIED","27,500",""
"SURVEY","2022","YEAR - SEP FORECAST","","STATE","NEBRASKA","31","","","","","","","00000000","","CORN","CORN, GRAIN - PLANT POPULATION, MEASURED IN PLANTS / ACRE","TOTAL","NOT SPECIFIED","26,450",""
"SURVEY","2022","YEAR - SEP FORECAST","","STATE","OHIO","39","","","","","","","00000000","","CORN","CORN, GRAIN - PLANT POPULATION, MEASURED IN PLANTS / ACRE","TOTAL","NOT SPECIFIED","29,400",""
"SURVEY","2022","YEAR - SEP FORECAST","","STATE","SOUTH DAKOTA","46","","","","","","","00000000","","CORN","CORN, GRAIN - PLANT POPULATION, MEASURED IN PLANTS / ACRE","TOTAL","NOT SPECIFIED","26,400",""
"SURVEY","2022","YEAR - SEP FORECAST","","STATE","WISCONSIN","55","","","","","","","00000000","","CORN","CORN, GRAIN - PLANT POPULATION, MEASURED IN PLANTS / ACRE","TOTAL","NOT SPECIFIED","30,700",""
"SURVEY","2021","YEAR","","STATE","ILLINOIS","17","","","","","","","00000000","","CORN","CORN, GRAIN - PLANT POPULATION, MEASURED IN PLANTS / ACRE","TOTAL","NOT SPECIFIED","31,500",""
"SURVEY","2021","YEAR","","STATE","INDIANA","18","","","","","","","00000000","","CORN","CORN, GRAIN - PLANT POPULATION, MEASURED IN PLANTS / ACRE","TOTAL","NOT SPECIFIED","29,750",""
"SURVEY","2021","YEAR","","STATE","IOWA","19","","","","","","","00000000","","CORN","CORN, GRAIN - PLANT POPULATION, MEASURED IN PLANTS / ACRE","TOTAL","NOT SPECIFIED","31,800",""
"SURVEY","2021","YEAR","","STATE","KANSAS","20","","","","","","","00000000","","CORN","CORN, GRAIN - PLANT POPULATION, MEASURED IN PLANTS / ACRE","TOTAL","NOT SPECIFIED","21,800",""
"SURVEY","2021","YEAR","","STATE","MINNESOTA","27","","","","","","","00000000","","CORN","CORN, GRAIN - PLANT POPULATION, MEASURED IN PLANTS / ACRE","TOTAL","NOT SPECIFIED","30,700",""
"SURVEY","2021","YEAR","","STATE","MISSOURI","29","","","","","","","00000000","","CORN","CORN, GRAIN - PLANT POPULATION, MEASURED IN PLANTS / ACRE","TOTAL","NOT SPECIFIED","27,350",""
"SURVEY","2021","YEAR","","STATE","NEBRASKA","31","","","","","","","00000000","","CORN","CORN, GRAIN - PLANT POPULATION, MEASURED IN PLANTS / ACRE","TOTAL","NOT SPECIFIED","26,650",""
"SURVEY","2021","YEAR","","STATE","OHIO","39","","","","","","","00000000","","CORN","CORN, GRAIN - PLANT POPULATION, MEASURED IN PLANTS / ACRE","TOTAL","NOT SPECIFIED","30,050",""
"SURVEY","2021","YEAR","","STATE","SOUTH DAKOTA","46","","","","","","","00000000","","CORN","CORN, GRAIN - PLANT POPULATION, MEASURED IN PLANTS / ACRE","TOTAL","NOT SPECIFIED","25,750",""
"SURVEY","2021","YEAR","","STATE","WISCONSIN","55","","","","","","","00000000","","CORN","CORN, GRAIN - PLANT POPULATION, MEASURED IN PLANTS / ACRE","TOTAL","NOT SPECIFIED","29,400",""
"SURVEY","2021","YEAR - NOV FORECAST","","STATE","ILLINOIS","17","","","","","","","00000000","","CORN","CORN, GRAIN - PLANT POPULATION, MEASURED IN PLANTS / ACRE","TOTAL","NOT SPECIFIED","31,500",""
"SURVEY","2021","YEAR - NOV FORECAST","","STATE","INDIANA","18","","","","","","","00000000","","CORN","CORN, GRAIN - PLANT POPULATION, MEASURED IN PLANTS / ACRE","TOTAL","NOT SPECIFIED","29,750",""
"SURVEY","2021","YEAR - NOV FORECAST","","STATE","IOWA","19","","","","","","","00000000","","CORN","CORN, GRAIN - PLANT POPULATION, MEASURED IN PLANTS / ACRE","TOTAL","NOT SPECIFIED","31,800",""
"SURVEY","2021","YEAR - NOV FORECAST","","STATE","KANSAS","20","","","","","","","00000000","","CORN","CORN, GRAIN - PLANT POPULATION, MEASURED IN PLANTS / ACRE","TOTAL","NOT SPECIFIED","21,800",""
"SURVEY","2021","YEAR - NOV FORECAST","","STATE","MINNESOTA","27","","","","","","","00000000","","CORN","CORN, GRAIN - PLANT POPULATION, MEASURED IN PLANTS / ACRE","TOTAL","NOT SPECIFIED","30,700",""
"SURVEY","2021","YEAR - NOV FORECAST","","STATE","MISSOURI","29","","","","","","","00000000","","CORN","CORN, GRAIN - PLANT POPULATION, MEASURED IN PLANTS / ACRE","TOTAL","NOT SPECIFIED","27,350",""
"SURVEY","2021","YEAR - NOV FORECAST","","STATE","NEBRASKA","31","","","","","","","00000000","","CORN","CORN, GRAIN - PLANT POPULATION, MEASURED IN PLANTS / ACRE","TOTAL","NOT SPECIFIED","26,650",""
"SURVEY","2021","YEAR - NOV FORECAST","","STATE","OHIO","39","","","","","","","00000000","","CORN","CORN, GRAIN - PLANT POPULATION, MEASURED IN PLANTS / ACRE","TOTAL","NOT SPECIFIED","30,050",""
"SURVEY","2021","YEAR - NOV FORECAST","","STATE","SOUTH DAKOTA","46","","","","","","","00000000","","CORN","CORN, GRAIN - PLANT POPULATION, MEASURED IN PLANTS / ACRE","TOTAL","NOT SPECIFIED","25,750",""
"SURVEY","2021","YEAR - NOV FORECAST","","STATE","WISCONSIN","55","","","","","","","00000000","","CORN","CORN, GRAIN - PLANT POPULATION, MEASURED IN PLANTS / ACRE","TOTAL","NOT SPECIFIED","29,400",""
"SURVEY","2021","YEAR - OCT FORECAST","","STATE","ILLINOIS","17","","","","","","","00000000","","CORN","CORN, GRAIN - PLANT POPULATION, MEASURED IN PLANTS / ACRE","TOTAL","NOT SPECIFIED","31,550",""
"SURVEY","2021","YEAR - OCT FORECAST","","STATE","INDIANA","18","","","","","","","00000000","","CORN","CORN, GRAIN - PLANT POPULATION, MEASURED IN PLANTS / ACRE","TOTAL","NOT SPECIFIED","29,650",""
"SURVEY","2021","YEAR - OCT FORECAST","","STATE","IOWA","19","","","","","","","00000000","","CORN","CORN, GRAIN - PLANT POPULATION, MEASURED IN PLANTS / ACRE","TOTAL","NOT SPECIFIED","31,850",""
"SURVEY","2021","YEAR - OCT FORECAST","","STATE","KANSAS","20","","","","","","","00000000","","CORN","CORN, GRAIN - PLANT POPULATION, MEASURED IN PLANTS / ACRE","TOTAL","NOT SPECIFIED","21,550",""
"SURVEY","2021","YEAR - OCT FORECAST","","STATE","MINNESOTA","27","","","","","","","00000000","","CORN","CORN, GRAIN - PLANT POPULATION, MEASURED IN PLANTS / ACRE","TOTAL","NOT SPECIFIED","30,700",""
"SURVEY","2021","YEAR - OCT FORECAST","","STATE","MISSOURI","29","","","","","","","00000000","","CORN","CORN, GRAIN - PLANT POPULATION, MEASURED IN PLANTS / ACRE","TOTAL","NOT SPECIFIED","27,400",""
"SURVEY","2021","YEAR - OCT FORECAST","","STATE","NEBRASKA","31","","","","","","","00000000","","CORN","CORN, GRAIN - PLANT POPULATION, MEASURED IN PLANTS / ACRE","TOTAL","NOT SPECIFIED","26,650",""
"SURVEY","2021","YEAR - OCT FORECAST","","STATE","OHIO","39","","","","","","","00000000","","CORN","CORN, GRAIN - PLANT POPULATION, MEASURED IN PLANTS / ACRE","TOTAL","NOT SPECIFIED","30,050",""
"SURVEY","2021","YEAR - OCT FORECAST","","STATE","SOUTH DAKOTA","46","","","","","","","00000000","","CORN","CORN, GRAIN - PLANT POPULATION, MEASURED IN PLANTS / ACRE","TOTAL","NOT SPECIFIED","26,100",""
"SURVEY","2021","YEAR - OCT FORECAST","","STATE","WISCONSIN","55","","","","","","","00000000","","CORN","CORN, GRAIN - PLANT POPULATION, MEASURED IN PLANTS / ACRE","TOTAL","NOT SPECIFIED","29,550",""
"SURVEY","2021","YEAR - SEP FORECAST","","STATE","ILLINOIS","17","","","","","","","00000000","","CORN","CORN, GRAIN - PLANT POPULATION, MEASURED IN PLANTS / ACRE","TOTAL","NOT SPECIFIED","31,550",""
"SURVEY","2021","YEAR - SEP FORECAST","","STATE","INDIANA","18","","","","","","","00000000","","CORN","CORN, GRAIN - PLANT POPULATION, MEASURED IN PLANTS / ACRE","TOTAL","NOT SPECIFIED","29,700",""
"SURVEY","2021","YEAR - SEP FORECAST","","STATE","IOWA","19","","","","","","","00000000","","CORN","CORN, GRAIN - PLANT POPULATION, MEASURED IN PLANTS / ACRE","TOTAL","NOT SPECIFIED","31,850",""
"SURVEY","2021","YEAR - SEP FORECAST","","STATE","KANSAS","20","","","","","","","00000000","","CORN","CORN, GRAIN - PLANT POPULATION, MEASURED IN PLANTS / ACRE","TOTAL","NOT SPECIFIED","22,050",""
"SURVEY","2021","YEAR - SEP FORECAST","","STATE","MINNESOTA","27","","","","","","","00000000","","CORN","CORN, GRAIN - PLANT POPULATION, MEASURED IN PLANTS / ACRE","TOTAL","NOT SPECIFIED","30,750",""
"SURVEY","2021","YEAR - SEP FORECAST","","STATE","MISSOURI","29","","","","","","","00000000","","CORN","CORN, GRAIN - PLANT POPULATION, MEASURED IN PLANTS / ACRE","TOTAL","NOT SPECIFIED","27,250",""
"SURVEY","2021","YEAR - SEP FORECAST","","STATE","NEBRASKA","31","","","","","","","00000000","","CORN","CORN, GRAIN - PLANT POPULATION, MEASURED IN PLANTS / ACRE","TOTAL","NOT SPECIFIED","26,750",""
"SURVEY","2021","YEAR - SEP FORECAST","","STATE","OHIO","39","","","","","","","00000000","","CORN","CORN, GRAIN - PLANT POPULATION, MEASURED IN PLANTS / ACRE","TOTAL","NOT SPECIFIED","30,400",""
"SURVEY","2021","YEAR - SEP FORECAST","","STATE","SOUTH DAKOTA","46","","","","","","","00000000","","CORN","CORN, GRAIN - PLANT POPULATION, MEASURED IN PLANTS / ACRE","TOTAL","NOT SPECIFIED","26,150",""
"SURVEY","2021","YEAR - SEP FORECAST","","STATE","WISCONSIN","55","","","","","","","00000000","","CORN","CORN, GRAIN - PLANT POPULATION, MEASURED IN PLANTS / ACRE","TOTAL","NOT SPECIFIED","29,900",""
"SURVEY","2020","YEAR","","STATE","ILLINOIS","17","","","","","","","00000000","","CORN","CORN, GRAIN - PLANT POPULATION, MEASURED IN PLANTS / ACRE","TOTAL","NOT SPECIFIED","30,400",""
"SURVEY","2020","YEAR","","STATE","INDIANA","18","","","","","","","00000000","","CORN","CORN, GRAIN - PLANT POPULATION, MEASURED IN PLANTS / ACRE","TOTAL","NOT SPECIFIED","29,850",""
"SURVEY","2020","YEAR","","STATE","IOWA","19","","","","","","","00000000","","CORN","CORN, GRAIN - PLANT POPULATION, MEASURED IN PLANTS / ACRE","TOTAL","NOT SPECIFIED","31,050",""
"SURVEY","2020","YEAR","","STATE","KANSAS","20","","","","","","","00000000","","CORN","CORN, GRAIN - PLANT POPULATION, MEASURED IN PLANTS / ACRE","TOTAL","NOT SPECIFIED","21,650",""
"SURVEY","2020","YEAR","","STATE","MINNESOTA","27","","","","","","","00000000","","CORN","CORN, GRAIN - PLANT POPULATION, MEASURED IN PLANTS / ACRE","TOTAL","NOT SPECIFIED","31,800",""
"SURVEY","2020","YEAR","","STATE","MISSOURI","29","","","","","","","00000000","","CORN","CORN, GRAIN - PLANT POPULATION, MEASURED IN PLANTS / ACRE","TOTAL","NOT SPECIFIED","28,200",""
"SURVEY","2020","YEAR","","STATE","NEBRASKA","31","","","","","","","00000000","","CORN","CORN, GRAIN - PLANT POPULATION, MEASURED IN PLANTS / ACRE","TOTAL","NOT SPECIFIED","27,400",""
"SURVEY","2020","YEAR","","STATE","OHIO","39","","","","","","","00000000","","CORN","CORN, GRAIN - PLANT POPULATION, MEASURED IN PLANTS / ACRE","TOTAL","NOT SPECIFIED","29,850",""
"SURVEY","2020","YEAR","","STATE","SOUTH DAKOTA","46","","","","","","","00000000","","CORN","CORN, GRAIN - PLANT POPULATION, MEASURED IN PLANTS / ACRE","TOTAL","NOT SPECIFIED","25,550",""
"SURVEY","2020","YEAR","","STATE","WISCONSIN","55","","","","","","","00000000","","CORN","CORN, GRAIN - PLANT POPULATION, MEASURED IN PLANTS / ACRE","TOTAL","NOT SPECIFIED","30,300",""
"SURVEY","2020","YEAR - NOV FORECAST","","STATE","ILLINOIS","17","","","","","","","00000000","","CORN","CORN, GRAIN - PLANT POPULATION, MEASURED IN PLANTS / ACRE","TOTAL","NOT SPECIFIED","30,400",""
"SURVEY","2020","YEAR - NOV FORECAST","","STATE","INDIANA","18","","","","","","","00000000","","CORN","CORN, GRAIN - PLANT POPULATION, MEASURED IN PLANTS / ACRE","TOTAL","NOT SPECIFIED","29,850",""
"SURVEY","2020","YEAR - NOV FORECAST","","STATE","IOWA","19","","","","","","","00000000","","CORN","CORN, GRAIN - PLANT POPULATION, MEASURED IN PLANTS / ACRE","TOTAL","NOT SPECIFIED","31,050",""
"SURVEY","2020","YEAR - NOV FORECAST","","STATE","KANSAS","20","","","","","","","00000000","","CORN","CORN, GRAIN - PLANT POPULATION, MEASURED IN PLANTS / ACRE","TOTAL","NOT SPECIFIED","21,650",""
"SURVEY","2020","YEAR - NOV FORECAST","","STATE","MINNESOTA","27","","","","","","","00000000","","CORN","CORN, GRAIN - PLANT POPULATION, MEASURED IN PLANTS / ACRE","TOTAL","NOT SPECIFIED","31,800",""
"SURVEY","2020","YEAR - NOV FORECAST","","STATE","MISSOURI","29","","","","","","","00000000","","CORN","CORN, GRAIN - PLANT POPULATION, MEASURED IN PLANTS / ACRE","TOTAL","NOT SPECIFIED","28,200",""
"SURVEY","2020","YEAR - NOV FORECAST","","STATE","NEBRASKA","31","","","","","","","00000000","","CORN","CORN, GRAIN - PLANT POPULATION, MEASURED IN PLANTS / ACRE","TOTAL","NOT SPECIFIED","27,400",""
"SURVEY","2020","YEAR - NOV FORECAST","","STATE","OHIO","39","","","","","","","00000000","","CORN","CORN, GRAIN - PLANT POPULATION, MEASURED IN PLANTS / ACRE","TOTAL","NOT SPECIFIED","29,900",""
"SURVEY","2020","YEAR - NOV FORECAST","","STATE","SOUTH DAKOTA","46","","","","","","","00000000","","CORN","CORN, GRAIN - PLANT POPULATION, MEASURED IN PLANTS / ACRE","TOTAL","NOT SPECIFIED","25,550",""
"SURVEY","2020","YEAR - NOV FORECAST","","STATE","WISCONSIN","55","","","","","","","00000000","","CORN","CORN, GRAIN - PLANT POPULATION, MEASURED IN PLANTS / ACRE","TOTAL","NOT SPECIFIED","30,300",""
"SURVEY","2020","YEAR - OCT FORECAST","","STATE","ILLINOIS","17","","","","","","","00000000","","CORN","CORN, GRAIN - PLANT POPULATION, MEASURED IN PLANTS / ACRE","TOTAL","NOT SPECIFIED","30,400",""
"SURVEY","2020","YEAR - OCT FORECAST","","STATE","INDIANA","18","","","","","","","00000000","","CORN","CORN, GRAIN - PLANT POPULATION, MEASURED IN PLANTS / ACRE","TOTAL","NOT SPECIFIED","29,800",""
"SURVEY","2020","YEAR - OCT FORECAST","","STATE","IOWA","19","","","","","","","00000000","","CORN","CORN, GRAIN - PLANT POPULATION, MEASURED IN PLANTS / ACRE","TOTAL","NOT SPECIFIED","31,000",""
"SURVEY","2020","YEAR - OCT FORECAST","","STATE","KANSAS","20","","","","","","","00000000","","CORN","CORN, GRAIN - PLANT POPULATION, MEASURED IN PLANTS / ACRE","TOTAL","NOT SPECIFIED","21,650",""
"SURVEY","2020","YEAR - OCT FORECAST","","STATE","MINNESOTA","27","","","","","","","00000000","","CORN","CORN, GRAIN - PLANT POPULATION, MEASURED IN PLANTS / ACRE","TOTAL","NOT SPECIFIED","31,800",""
"SURVEY","2020","YEAR - OCT FORECAST","","STATE","MISSOURI","29","","","","","","","00000000","","CORN","CORN, GRAIN - PLANT POPULATION, MEASURED IN PLANTS / ACRE","TOTAL","NOT SPECIFIED","28,150",""
"SURVEY","2020","YEAR - OCT FORECAST","","STATE","NEBRASKA","31","","","","","","","00000000","","CORN","CORN, GRAIN - PLANT POPULATION, MEASURED IN PLANTS / ACRE","TOTAL","NOT SPECIFIED","27,450",""
"SURVEY","2020","YEAR - OCT FORECAST","","STATE","OHIO","39","","","","","","","00000000","","CORN","CORN, GRAIN - PLANT POPULATION, MEASURED IN PLANTS / ACRE","TOTAL","NOT SPECIFIED","29,900",""
"SURVEY","2020","YEAR - OCT FORECAST","","STATE","SOUTH DAKOTA","46","","","","","","","00000000","","CORN","CORN, GRAIN - PLANT POPULATION, MEASURED IN PLANTS / ACRE","TOTAL","NOT SPECIFIED","25,400",""
"SURVEY","2020","YEAR - OCT FORECAST","","STATE","WISCONSIN","55","","","","","","","00000000","","CORN","CORN, GRAIN - PLANT POPULATION, MEASURED IN PLANTS / ACRE","TOTAL","NOT SPECIFIED","30,400",""
"SURVEY","2020","YEAR - SEP FORECAST","","STATE","ILLINOIS","17","","","","","","","00000000","","CORN","CORN, GRAIN - PLANT POPULATION, MEASURED IN PLANTS / ACRE","TOTAL","NOT SPECIFIED","30,600",""
"SURVEY","2020","YEAR - SEP FORECAST","","STATE","INDIANA","18","","","","","","","00000000","","CORN","CORN, GRAIN - PLANT POPULATION, MEASURED IN PLANTS / ACRE","TOTAL","NOT SPECIFIED","29,850",""
"SURVEY","2020","YEAR - SEP FORECAST","","STATE","IOWA","19","","","","","","","00000000","","CORN","CORN, GRAIN - PLANT POPULATION, MEASURED IN PLANTS / ACRE","TOTAL","NOT SPECIFIED","31,050",""
"SURVEY","2020","YEAR - SEP FORECAST","","STATE","KANSAS","20","","","","","","","00000000","","CORN","CORN, GRAIN - PLANT POPULATION, MEASURED IN PLANTS / ACRE","TOTAL","NOT SPECIFIED","21,700",""
"SURVEY","2020","YEAR - SEP FORECAST","","STATE","MINNESOTA","27","","","","","","","00000000","","CORN","CORN, GRAIN - PLANT POPULATION, MEASURED IN PLANTS / ACRE","TOTAL","NOT SPECIFIED","31,750",""
"SURVEY","2020","YEAR - SEP FORECAST","","STATE","MISSOURI","29","","","","","","","00000000","","CORN","CORN, GRAIN - PLANT POPULATION, MEASURED IN PLANTS / ACRE","TOTAL","NOT SPECIFIED","28,200",""
"SURVEY","2020","YEAR - SEP FORECAST","","STATE","NEBRASKA","31","","","","","","","00000000","","CORN","CORN, GRAIN - PLANT POPULATION, MEASURED IN PLANTS / ACRE","TOTAL","NOT SPECIFIED","27,450",""
"SURVEY","2020","YEAR - SEP FORECAST","","STATE","OHIO","39","","","","","","","00000000","","CORN","CORN, GRAIN - PLANT POPULATION, MEASURED IN PLANTS / ACRE","TOTAL","NOT SPECIFIED","29,800",""
"SURVEY","2020","YEAR - SEP FORECAST","","STATE","SOUTH DAKOTA","46","","","","","","","00000000","","CORN","CORN, GRAIN - PLANT POPULATION, MEASURED IN PLANTS / ACRE","TOTAL","NOT SPECIFIED","25,450",""
"SURVEY","2020","YEAR - SEP FORECAST","","STATE","WISCONSIN","55","","","","","","","00000000","","CORN","CORN, GRAIN - PLANT POPULATION, MEASURED IN PLANTS / ACRE","TOTAL","NOT SPECIFIED","30,300",""
"SURVEY","2019","YEAR","","STATE","ILLINOIS","17","","","","","","","00000000","","CORN","CORN, GRAIN - PLANT POPULATION, MEASURED IN PLANTS / ACRE","TOTAL","NOT SPECIFIED","30,900",""
"SURVEY","2019","YEAR","","STATE","INDIANA","18","","","","","","","00000000","","CORN","CORN, GRAIN - PLANT POPULATION, MEASURED IN PLANTS / ACRE","TOTAL","NOT SPECIFIED","28,950",""
"SURVEY","2019","YEAR","","STATE","IOWA","19","","","","","","","00000000","","CORN","CORN, GRAIN - PLANT POPULATION, MEASURED IN PLANTS / ACRE","TOTAL","NOT SPECIFIED","30,750",""
"SURVEY","2019","YEAR","","STATE","KANSAS","20","","","","","","","00000000","","CORN","CORN, GRAIN - PLANT POPULATION, MEASURED IN PLANTS / ACRE","TOTAL","NOT SPECIFIED","21,200",""
"SURVEY","2019","YEAR","","STATE","MINNESOTA","27","","","","","","","00000000","","CORN","CORN, GRAIN - PLANT POPULATION, MEASURED IN PLANTS / ACRE","TOTAL","NOT SPECIFIED","30,650",""
"SURVEY","2019","YEAR","","STATE","MISSOURI","29","","","","","","","00000000","","CORN","CORN, GRAIN - PLANT POPULATION, MEASURED IN PLANTS / ACRE","TOTAL","NOT SPECIFIED","27,600",""
"SURVEY","2019","YEAR","","STATE","NEBRASKA","31","","","","","","","00000000","","CORN","CORN, GRAIN - PLANT POPULATION, MEASURED IN PLANTS / ACRE","TOTAL","NOT SPECIFIED","25,700",""
"SURVEY","2019","YEAR","","STATE","OHIO","39","","","","","","","00000000","","CORN","CORN, GRAIN - PLANT POPULATION, MEASURED IN PLANTS / ACRE","TOTAL","NOT SPECIFIED","30,000",""
"SURVEY","2019","YEAR","","STATE","SOUTH DAKOTA","46","","","","","","","00000000","","CORN","CORN, GRAIN - PLANT POPULATION, MEASURED IN PLANTS / ACRE","TOTAL","NOT SPECIFIED","25,900",""
"SURVEY","2019","YEAR","","STATE","WISCONSIN","55","","","","","","","00000000","","CORN","CORN, GRAIN - PLANT POPULATION, MEASURED IN PLANTS / ACRE","TOTAL","NOT SPECIFIED","29,850",""
"SURVEY","2019","YEAR - NOV FORECAST","","STATE","ILLINOIS","17","","","","","","","00000000","","CORN","CORN, GRAIN - PLANT POPULATION, MEASURED IN PLANTS / ACRE","TOTAL","NOT SPECIFIED","30,900",""
"SURVEY","2019","YEAR - NOV FORECAST","","STATE","INDIANA","18","","","","","","","00000000","","CORN","CORN, GRAIN - PLANT POPULATION, MEASURED IN PLANTS / ACRE","TOTAL","NOT SPECIFIED","29,000",""
"SURVEY","2019","YEAR - NOV FORECAST","","STATE","IOWA","19","","","","","","","00000000","","CORN","CORN, GRAIN - PLANT POPULATION, MEASURED IN PLANTS / ACRE","TOTAL","NOT SPECIFIED","30,750",""
"SURVEY","2019","YEAR - NOV FORECAST","","STATE","KANSAS","20","","","","","","","00000000","","CORN","CORN, GRAIN - PLANT POPULATION, MEASURED IN PLANTS / ACRE","TOTAL","NOT SPECIFIED","21,200",""
"SURVEY","2019","YEAR - NOV FORECAST","","STATE","MINNESOTA","27","","","","","","","00000000","","CORN","CORN, GRAIN - PLANT POPULATION, MEASURED IN PLANTS / ACRE","TOTAL","NOT SPECIFIED","30,550",""
"SURVEY","2019","YEAR - NOV FORECAST","","STATE","MISSOURI","29","","","","","","","00000000","","CORN","CORN, GRAIN - PLANT POPULATION, MEASURED IN PLANTS / ACRE","TOTAL","NOT SPECIFIED","27,600",""
"SURVEY","2019","YEAR - NOV FORECAST","","STATE","NEBRASKA","31","","","","","","","00000000","","CORN","CORN, GRAIN - PLANT POPULATION, MEASURED IN PLANTS / ACRE","TOTAL","NOT SPECIFIED","25,700",""
"SURVEY","2019","YEAR - NOV FORECAST","","STATE","OHIO","39","","","","","","","00000000","","CORN","CORN, GRAIN - PLANT POPULATION, MEASURED IN PLANTS / ACRE","TOTAL","NOT SPECIFIED","30,000",""
"SURVEY","2019","YEAR - NOV FORECAST","","STATE","SOUTH DAKOTA","46","","","","","","","00000000","","CORN","CORN, GRAIN - PLANT POPULATION, MEASURED IN PLANTS / ACRE","TOTAL","NOT SPECIFIED","26,000",""
"SURVEY","2019","YEAR - NOV FORECAST","","STATE","WISCONSIN","55","","","","","","","00000000","","CORN","CORN, GRAIN - PLANT POPULATION, MEASURED IN PLANTS / ACRE","TOTAL","NOT SPECIFIED","29,750",""
"SURVEY","2019","YEAR - OCT FORECAST","","STATE","ILLINOIS","17","","","","","","","00000000","","CORN","CORN, GRAIN - PLANT POPULATION, MEASURED IN PLANTS / ACRE","TOTAL","NOT SPECIFIED","30,950",""
"SURVEY","2019","YEAR - OCT FORECAST","","STATE","INDIANA","18","","","","","","","00000000","","CORN","CORN, GRAIN - PLANT POPULATION, MEASURED IN PLANTS / ACRE","TOTAL","NOT SPECIFIED","29,050",""
"SURVEY","2019","YEAR - OCT FORECAST","","STATE","IOWA","19","","","","","","","00000000","","CORN","CORN, GRAIN - PLANT POPULATION, MEASURED IN PLANTS / ACRE","TOTAL","NOT SPECIFIED","30,800",""
"SURVEY","2019","YEAR - OCT FORECAST","","STATE","KANSAS","20","","","","","","","00000000","","CORN","CORN, GRAIN - PLANT POPULATION, MEASURED IN PLANTS / ACRE","TOTAL","NOT SPECIFIED","21,200",""
"SURVEY","2019","YEAR - OCT FORECAST","","STATE","MINNESOTA","27","","","","","","","00000000","","CORN","CORN, GRAIN - PLANT POPULATION, MEASURED IN PLANTS / ACRE","TOTAL","NOT SPECIFIED","30,650",""
"SURVEY","2019","YEAR - OCT FORECAST","","STATE","MISSOURI","29","","","","","","","00000000","","CORN","CORN, GRAIN - PLANT POPULATION, MEASURED IN PLANTS / ACRE","TOTAL","NOT SPECIFIED","27,500",""
"SURVEY","2019","YEAR - OCT FORECAST","","STATE","NEBRASKA","31","","","","","","","00000000","","CORN","CORN, GRAIN - PLANT POPULATION, MEASURED IN PLANTS / ACRE","TOTAL","NOT SPECIFIED","25,850",""
"SURVEY","2019","YEAR - OCT FORECAST","","STATE","OHIO","39","","","","","","","00000000","","CORN","CORN, GRAIN - PLANT POPULATION, MEASURED IN PLANTS / ACRE","TOTAL","NOT SPECIFIED","30,100",""
"SURVEY","2019","YEAR - OCT FORECAST","","STATE","SOUTH DAKOTA","46","","","","","","","00000000","","CORN","CORN, GRAIN - PLANT POPULATION, MEASURED IN PLANTS / ACRE","TOTAL","NOT SPECIFIED","26,100",""
"SURVEY","2019","YEAR - OCT FORECAST","","STATE","WISCONSIN","55","","","","","","","00000000","","CORN","CORN, GRAIN - PLANT POPULATION, MEASURED IN PLANTS / ACRE","TOTAL","NOT SPECIFIED","30,150",""
"SURVEY","2019","YEAR - SEP FORECAST","","STATE","ILLINOIS","17","","","","","","","00000000","","CORN","CORN, GRAIN - PLANT POPULATION, MEASURED IN PLANTS / ACRE","TOTAL","NOT SPECIFIED","31,100",""
"SURVEY","2019","YEAR - SEP FORECAST","","STATE","INDIANA","18","","","","","","","00000000","","CORN","CORN, GRAIN - PLANT POPULATION, MEASURED IN PLANTS / ACRE","TOTAL","NOT SPECIFIED","29,300",""
"SURVEY","2019","YEAR - SEP FORECAST","","STATE","IOWA","19","","","","","","","00000000","","CORN","CORN, GRAIN - PLANT POPULATION, MEASURED IN PLANTS / ACRE","TOTAL","NOT SPECIFIED","30,850",""
"SURVEY","2019","YEAR - SEP FORECAST","","STATE","KANSAS","20","","","","","","","00000000","","CORN","CORN, GRAIN - PLANT POPULATION, MEASURED IN PLANTS / ACRE","TOTAL","NOT SPECIFIED","21,350",""
"SURVEY","2019","YEAR - SEP FORECAST","","STATE","MINNESOTA","27","","","","","","","00000000","","CORN","CORN, GRAIN - PLANT POPULATION, MEASURED IN PLANTS / ACRE","TOTAL","NOT SPECIFIED","30,700",""
"SURVEY","2019","YEAR - SEP FORECAST","","STATE","MISSOURI","29","","","","","","","00000000","","CORN","CORN, GRAIN - PLANT POPULATION, MEASURED IN PLANTS / ACRE","TOTAL","NOT SPECIFIED","28,200",""
"SURVEY","2019","YEAR - SEP FORECAST","","STATE","NEBRASKA","31","","","","","","","00000000","","CORN","CORN, GRAIN - PLANT POPULATION, MEASURED IN PLANTS / ACRE","TOTAL","NOT SPECIFIED","25,850",""
"SURVEY","2019","YEAR - SEP FORECAST","","STATE","OHIO","39","","","","","","","00000000","","CORN","CORN, GRAIN - PLANT POPULATION, MEASURED IN PLANTS / ACRE","TOTAL","NOT SPECIFIED","30,050",""
"SURVEY","2019","YEAR - SEP FORECAST","","STATE","SOUTH DAKOTA","46","","","","","","","00000000","","CORN","CORN, GRAIN - PLANT POPULATION, MEASURED IN PLANTS / ACRE","TOTAL","NOT SPECIFIED","26,400",""
"SURVEY","2019","YEAR - SEP FORECAST","","STATE","WISCONSIN","55","","","","","","","00000000","","CORN","CORN, GRAIN - PLANT POPULATION, MEASURED IN PLANTS / ACRE","TOTAL","NOT SPECIFIED","30,250",""
"SURVEY","2018","YEAR","","STATE","ILLINOIS","17","","","","","","","00000000","","CORN","CORN, GRAIN - PLANT POPULATION, MEASURED IN PLANTS / ACRE","TOTAL","NOT SPECIFIED","32,000",""
"SURVEY","2018","YEAR","","STATE","INDIANA","18","","","","","","","00000000","","CORN","CORN, GRAIN - PLANT POPULATION, MEASURED IN PLANTS / ACRE","TOTAL","NOT SPECIFIED","30,400",""
"SURVEY","2018","YEAR","","STATE","IOWA","19","","","","","","","00000000","","CORN","CORN, GRAIN - PLANT POPULATION, MEASURED IN PLANTS / ACRE","TOTAL","NOT SPECIFIED","31,100",""
"SURVEY","2018","YEAR","","STATE","KANSAS","20","","","","","","","00000000","","CORN","CORN, GRAIN - PLANT POPULATION, MEASURED IN PLANTS / ACRE","TOTAL","NOT SPECIFIED","22,450",""
"SURVEY","2018","YEAR","","STATE","MINNESOTA","27","","","","","","","00000000","","CORN","CORN, GRAIN - PLANT POPULATION, MEASURED IN PLANTS / ACRE","TOTAL","NOT SPECIFIED","30,900",""
"SURVEY","2018","YEAR","","STATE","MISSOURI","29","","","","","","","00000000","","CORN","CORN, GRAIN - PLANT POPULATION, MEASURED IN PLANTS / ACRE","TOTAL","NOT SPECIFIED","28,400",""
"SURVEY","2018","YEAR","","STATE","NEBRASKA","31","","","","","","","00000000","","CORN","CORN, GRAIN - PLANT POPULATION, MEASURED IN PLANTS / ACRE","TOTAL","NOT SPECIFIED","26,750",""
"SURVEY","2018","YEAR","","STATE","OHIO","39","","","","","","","00000000","","CORN","CORN, GRAIN - PLANT POPULATION, MEASURED IN PLANTS / ACRE","TOTAL","NOT SPECIFIED","30,400",""
"SURVEY","2018","YEAR","","STATE","SOUTH DAKOTA","46","","","","","","","00000000","","CORN","CORN, GRAIN - PLANT POPULATION, MEASURED IN PLANTS / ACRE","TOTAL","NOT SPECIFIED","27,000",""
"SURVEY","2018","YEAR","","STATE","WISCONSIN","55","","","","","","","00000000","","CORN","CORN, GRAIN - PLANT POPULATION, MEASURED IN PLANTS / ACRE","TOTAL","NOT SPECIFIED","30,650",""
"SURVEY","2018","YEAR - NOV FORECAST","","STATE","ILLINOIS","17","","","","","","","00000000","","CORN","CORN, GRAIN - PLANT POPULATION, MEASURED IN PLANTS / ACRE","TOTAL","NOT SPECIFIED","32,000",""
"SURVEY","2018","YEAR - NOV FORECAST","","STATE","INDIANA","18","","","","","","","00000000","","CORN","CORN, GRAIN - PLANT POPULATION, MEASURED IN PLANTS / ACRE","TOTAL","NOT SPECIFIED","30,400",""
"SURVEY","2018","YEAR - NOV FORECAST","","STATE","IOWA","19","","","","","","","00000000","","CORN","CORN, GRAIN - PLANT POPULATION, MEASURED IN PLANTS / ACRE","TOTAL","NOT SPECIFIED","31,100",""
"SURVEY","2018","YEAR - NOV FORECAST","","STATE","KANSAS","20","","","","","","","00000000","","CORN","CORN, GRAIN - PLANT POPULATION, MEASURED IN PLANTS / ACRE","TOTAL","NOT SPECIFIED","22,450",""
"SURVEY","2018","YEAR - NOV FORECAST","","STATE","MINNESOTA","27","","","","","","","00000000","","CORN","CORN, GRAIN - PLANT POPULATION, MEASURED IN PLANTS / ACRE","TOTAL","NOT SPECIFIED","30,900",""
"SURVEY","2018","YEAR - NOV FORECAST","","STATE","MISSOURI","29","","","","","","","00000000","","CORN","CORN, GRAIN - PLANT POPULATION, MEASURED IN PLANTS / ACRE","TOTAL","NOT SPECIFIED","28,400",""
"SURVEY","2018","YEAR - NOV FORECAST","","STATE","NEBRASKA","31","","","","","","","00000000","","CORN","CORN, GRAIN - PLANT POPULATION, MEASURED IN PLANTS / ACRE","TOTAL","NOT SPECIFIED","26,750",""
"SURVEY","2018","YEAR - NOV FORECAST","","STATE","OHIO","39","","","","","","","00000000","","CORN","CORN, GRAIN - PLANT POPULATION, MEASURED IN PLANTS / ACRE","TOTAL","NOT SPECIFIED","30,400",""
"SURVEY","2018","YEAR - NOV FORECAST","","STATE","SOUTH DAKOTA","46","","","","","","","00000000","","CORN","CORN, GRAIN - PLANT POPULATION, MEASURED IN PLANTS / ACRE","TOTAL","NOT SPECIFIED","27,000",""
"SURVEY","2018","YEAR - NOV FORECAST","","STATE","WISCONSIN","55","","","","","","","00000000","","CORN","CORN, GRAIN - PLANT POPULATION, MEASURED IN PLANTS / ACRE","TOTAL","NOT SPECIFIED","30,650",""
"SURVEY","2018","YEAR - OCT FORECAST","","STATE","ILLINOIS","17","","","","","","","00000000","","CORN","CORN, GRAIN - PLANT POPULATION, MEASURED IN PLANTS / ACRE","TOTAL","NOT SPECIFIED","32,000",""
"SURVEY","2018","YEAR - OCT FORECAST","","STATE","INDIANA","18","","","","","","","00000000","","CORN","CORN, GRAIN - PLANT POPULATION, MEASURED IN PLANTS / ACRE","TOTAL","NOT SPECIFIED","30,400",""
"SURVEY","2018","YEAR - OCT FORECAST","","STATE","IOWA","19","","","","","","","00000000","","CORN","CORN, GRAIN - PLANT POPULATION, MEASURED IN PLANTS / ACRE","TOTAL","NOT SPECIFIED","31,150",""
"SURVEY","2018","YEAR - OCT FORECAST","","STATE","KANSAS","20","","","","","","","00000000","","CORN","CORN, GRAIN - PLANT POPULATION, MEASURED IN PLANTS / ACRE","TOTAL","NOT SPECIFIED","22,450",""
"SURVEY","2018","YEAR - OCT FORECAST","","STATE","MINNESOTA","27","","","","","","","00000000","","CORN","CORN, GRAIN - PLANT POPULATION, MEASURED IN PLANTS / ACRE","TOTAL","NOT SPECIFIED","30,900",""
"SURVEY","2018","YEAR - OCT FORECAST","","STATE","MISSOURI","29","","","","","","","00000000","","CORN","CORN, GRAIN - PLANT POPULATION, MEASURED IN PLANTS / ACRE","TOTAL","NOT SPECIFIED","28,400",""
"SURVEY","2018","YEAR - OCT FORECAST","","STATE","NEBRASKA","31","","","","","","","00000000","","CORN","CORN, GRAIN - PLANT POPULATION, MEASURED IN PLANTS / ACRE","TOTAL","NOT SPECIFIED","26,750",""
"SURVEY","2018","YEAR - OCT FORECAST","","STATE","OHIO","39","","","","","","","00000000","","CORN","CORN, GRAIN - PLANT POPULATION, MEASURED IN PLANTS / ACRE","TOTAL","NOT SPECIFIED","30,400",""
"SURVEY","2018","YEAR - OCT FORECAST","","STATE","SOUTH DAKOTA","46","","","","","","","00000000","","CORN","CORN, GRAIN - PLANT POPULATION, MEASURED IN PLANTS / ACRE","TOTAL","NOT SPECIFIED","26,750",""
"SURVEY","2018","YEAR - OCT FORECAST","","STATE","WISCONSIN","55","","","","","","","00000000","","CORN","CORN, GRAIN - PLANT POPULATION, MEASURED IN PLANTS / ACRE","TOTAL","NOT SPECIFIED","30,600",""
"SURVEY","2018","YEAR - SEP FORECAST","","STATE","ILLINOIS","17","","","","","","","00000000","","CORN","CORN, GRAIN - PLANT POPULATION, MEASURED IN PLANTS / ACRE","TOTAL","NOT SPECIFIED","32,000",""
"SURVEY","2018","YEAR - SEP FORECAST","","STATE","INDIANA","18","","","","","","","00000000","","CORN","CORN, GRAIN - PLANT POPULATION, MEASURED IN PLANTS / ACRE","TOTAL","NOT SPECIFIED","30,450",""
"SURVEY","2018","YEAR - SEP FORECAST","","STATE","IOWA","19","","","","","","","00000000","","CORN","CORN, GRAIN - PLANT POPULATION, MEASURED IN PLANTS / ACRE","TOTAL","NOT SPECIFIED","31,350",""
"SURVEY","2018","YEAR - SEP FORECAST","","STATE","KANSAS","20","","","","","","","00000000","","CORN","CORN, GRAIN - PLANT POPULATION, MEASURED IN PLANTS / ACRE","TOTAL","NOT SPECIFIED","22,600",""
"SURVEY","2018","YEAR - SEP FORECAST","","STATE","MINNESOTA","27","","","","","","","00000000","","CORN","CORN, GRAIN - PLANT POPULATION, MEASURED IN PLANTS / ACRE","TOTAL","NOT SPECIFIED","30,950",""
"SURVEY","2018","YEAR - SEP FORECAST","","STATE","MISSOURI","29","","","","","","","00000000","","CORN","CORN, GRAIN - PLANT POPULATION, MEASURED IN PLANTS / ACRE","TOTAL","NOT SPECIFIED","28,500",""
"SURVEY","2018","YEAR - SEP FORECAST","","STATE","NEBRASKA","31","","","","","","","00000000","","CORN","CORN, GRAIN - PLANT POPULATION, MEASURED IN PLANTS / ACRE","TOTAL","NOT SPECIFIED","27,100",""
"SURVEY","2018","YEAR - SEP FORECAST","","STATE","OHIO","39","","","","","","","00000000","","CORN","CORN, GRAIN - PLANT POPULATION, MEASURED IN PLANTS / ACRE","TOTAL","NOT SPECIFIED","30,550",""
"SURVEY","2018","YEAR - SEP FORECAST","","STATE","SOUTH DAKOTA","46","","","","","","","00000000","","CORN","CORN, GRAIN - PLANT POPULATION, MEASURED IN PLANTS / ACRE","TOTAL","NOT SPECIFIED","27,000",""
"SURVEY","2018","YEAR - SEP FORECAST","","STATE","WISCONSIN","55","","","","","","","00000000","","CORN","CORN, GRAIN - PLANT POPULATION, MEASURED IN PLANTS / ACRE","TOTAL","NOT SPECIFIED","31,000",""
"SURVEY","2017","YEAR","","STATE","ILLINOIS","17","","","","","","","00000000","","CORN","CORN, GRAIN - PLANT POPULATION, MEASURED IN PLANTS / ACRE","TOTAL","NOT SPECIFIED","30,950",""
"SURVEY","2017","YEAR","","STATE","INDIANA","18","","","","","","","00000000","","CORN","CORN, GRAIN - PLANT POPULATION, MEASURED IN PLANTS / ACRE","TOTAL","NOT SPECIFIED","29,200",""
"SURVEY","2017","YEAR","","STATE","IOWA","19","","","","","","","00000000","","CORN","CORN, GRAIN - PLANT POPULATION, MEASURED IN PLANTS / ACRE","TOTAL","NOT SPECIFIED","31,150",""
"SURVEY","2017","YEAR","","STATE","KANSAS","20","","","","","","","00000000","","CORN","CORN, GRAIN - PLANT POPULATION, MEASURED IN PLANTS / ACRE","TOTAL","NOT SPECIFIED","22,300",""
"SURVEY","2017","YEAR","","STATE","MINNESOTA","27","","","","","","","00000000","","CORN","CORN, GRAIN - PLANT POPULATION, MEASURED IN PLANTS / ACRE","TOTAL","NOT SPECIFIED","30,600",""
"SURVEY","2017","YEAR","","STATE","MISSOURI","29","","","","","","","00000000","","CORN","CORN, GRAIN - PLANT POPULATION, MEASURED IN PLANTS / ACRE","TOTAL","NOT SPECIFIED","27,950",""
"SURVEY","2017","YEAR","","STATE","NEBRASKA","31","","","","","","","00000000","","CORN","CORN, GRAIN - PLANT POPULATION, MEASURED IN PLANTS / ACRE","TOTAL","NOT SPECIFIED","25,700",""
"SURVEY","2017","YEAR","","STATE","OHIO","39","","","","","","","00000000","","CORN","CORN, GRAIN - PLANT POPULATION, MEASURED IN PLANTS / ACRE","TOTAL","NOT SPECIFIED","29,100",""
"SURVEY","2017","YEAR","","STATE","SOUTH DAKOTA","46","","","","","","","00000000","","CORN","CORN, GRAIN - PLANT POPULATION, MEASURED IN PLANTS / ACRE","TOTAL","NOT SPECIFIED","26,200",""
"SURVEY","2017","YEAR","","STATE","WISCONSIN","55","","","","","","","00000000","","CORN","CORN, GRAIN - PLANT POPULATION, MEASURED IN PLANTS / ACRE","TOTAL","NOT SPECIFIED","29,100",""
"SURVEY","2017","YEAR - NOV FORECAST","","STATE","ILLINOIS","17","","","","","","","00000000","","CORN","CORN, GRAIN - PLANT POPULATION, MEASURED IN PLANTS / ACRE","TOTAL","NOT SPECIFIED","30,950",""
"SURVEY","2017","YEAR - NOV FORECAST","","STATE","INDIANA","18","","","","","","","00000000","","CORN","CORN, GRAIN - PLANT POPULATION, MEASURED IN PLANTS / ACRE","TOTAL","NOT SPECIFIED","29,200",""
"SURVEY","2017","YEAR - NOV FORECAST","","STATE","IOWA","19","","","","","","","00000000","","CORN","CORN, GRAIN - PLANT POPULATION, MEASURED IN PLANTS / ACRE","TOTAL","NOT SPECIFIED","31,150",""
"SURVEY","2017","YEAR - NOV FORECAST","","STATE","KANSAS","20","","","","","","","00000000","","CORN","CORN, GRAIN - PLANT POPULATION, MEASURED IN PLANTS / ACRE","TOTAL","NOT SPECIFIED","22,300",""
"SURVEY","2017","YEAR - NOV FORECAST","","STATE","MINNESOTA","27","","","","","","","00000000","","CORN","CORN, GRAIN - PLANT POPULATION, MEASURED IN PLANTS / ACRE","TOTAL","NOT SPECIFIED","30,600",""
"SURVEY","2017","YEAR - NOV FORECAST","","STATE","MISSOURI","29","","","","","","","00000000","","CORN","CORN, GRAIN - PLANT POPULATION, MEASURED IN PLANTS / ACRE","TOTAL","NOT SPECIFIED","27,950",""
"SURVEY","2017","YEAR - NOV FORECAST","","STATE","NEBRASKA","31","","","","","","","00000000","","CORN","CORN, GRAIN - PLANT POPULATION, MEASURED IN PLANTS / ACRE","TOTAL","NOT SPECIFIED","25,700",""
"SURVEY","2017","YEAR - NOV FORECAST","","STATE","OHIO","39","","","","","","","00000000","","CORN","CORN, GRAIN - PLANT POPULATION, MEASURED IN PLANTS / ACRE","TOTAL","NOT SPECIFIED","29,100",""
"SURVEY","2017","YEAR - NOV FORECAST","","STATE","SOUTH DAKOTA","46","","","","","","","00000000","","CORN","CORN, GRAIN - PLANT POPULATION, MEASURED IN PLANTS / ACRE","TOTAL","NOT SPECIFIED","26,200",""
"SURVEY","2017","YEAR - NOV FORECAST","","STATE","WISCONSIN","55","","","","","","","00000000","","CORN","CORN, GRAIN - PLANT POPULATION, MEASURED IN PLANTS / ACRE","TOTAL","NOT SPECIFIED","29,150",""
"SURVEY","2017","YEAR - OCT FORECAST","","STATE","ILLINOIS","17","","","","","","","00000000","","CORN","CORN, GRAIN - PLANT POPULATION, MEASURED IN PLANTS / ACRE","TOTAL","NOT SPECIFIED","30,900",""
"SURVEY","2017","YEAR - OCT FORECAST","","STATE","INDIANA","18","","","","","","","00000000","","CORN","CORN, GRAIN - PLANT POPULATION, MEASURED IN PLANTS / ACRE","TOTAL","NOT SPECIFIED","29,350",""
"SURVEY","2017","YEAR - OCT FORECAST","","STATE","IOWA","19","","","","","","","00000000","","CORN","CORN, GRAIN - PLANT POPULATION, MEASURED IN PLANTS / ACRE","TOTAL","NOT SPECIFIED","31,150",""
"SURVEY","2017","YEAR - OCT FORECAST","","STATE","KANSAS","20","","","","","","","00000000","","CORN","CORN, GRAIN - PLANT POPULATION, MEASURED IN PLANTS / ACRE","TOTAL","NOT SPECIFIED","22,100",""
"SURVEY","2017","YEAR - OCT FORECAST","","STATE","MINNESOTA","27","","","","","","","00000000","","CORN","CORN, GRAIN - PLANT POPULATION, MEASURED IN PLANTS / ACRE","TOTAL","NOT SPECIFIED","30,550",""
"SURVEY","2017","YEAR - OCT FORECAST","","STATE","MISSOURI","29","","","","","","","00000000","","CORN","CORN, GRAIN - PLANT POPULATION, MEASURED IN PLANTS / ACRE","TOTAL","NOT SPECIFIED","27,850",""
"SURVEY","2017","YEAR - OCT FORECAST","","STATE","NEBRASKA","31","","","","","","","00000000","","CORN","CORN, GRAIN - PLANT POPULATION, MEASURED IN PLANTS / ACRE","TOTAL","NOT SPECIFIED","25,800",""
"SURVEY","2017","YEAR - OCT FORECAST","","STATE","OHIO","39","","","","","","","00000000","","CORN","CORN, GRAIN - PLANT POPULATION, MEASURED IN PLANTS / ACRE","TOTAL","NOT SPECIFIED","29,150",""
"SURVEY","2017","YEAR - OCT FORECAST","","STATE","SOUTH DAKOTA","46","","","","","","","00000000","","CORN","CORN, GRAIN - PLANT POPULATION, MEASURED IN PLANTS / ACRE","TOTAL","NOT SPECIFIED","26,200",""
"SURVEY","2017","YEAR - OCT FORECAST","","STATE","WISCONSIN","55","","","","","","","00000000","","CORN","CORN, GRAIN - PLANT POPULATION, MEASURED IN PLANTS / ACRE","TOTAL","NOT SPECIFIED","29,100",""
"SURVEY","2017","YEAR - SEP FORECAST","","STATE","ILLINOIS","17","","","","","","","00000000","","CORN","CORN, GRAIN - PLANT POPULATION, MEASURED IN PLANTS / ACRE","TOTAL","NOT SPECIFIED","30,800",""
"SURVEY","2017","YEAR - SEP FORECAST","","STATE","INDIANA","18","","","","","","","00000000","","CORN","CORN, GRAIN - PLANT POPULATION, MEASURED IN PLANTS / ACRE","TOTAL","NOT SPECIFIED","29,550",""
"SURVEY","2017","YEAR - SEP FORECAST","","STATE","IOWA","19","","","","","","","00000000","","CORN","CORN, GRAIN - PLANT POPULATION, MEASURED IN PLANTS / ACRE","TOTAL","NOT SPECIFIED","31,300",""
"SURVEY","2017","YEAR - SEP FORECAST","","STATE","KANSAS","20","","","","","","","00000000","","CORN","CORN, GRAIN - PLANT POPULATION, MEASURED IN PLANTS / ACRE","TOTAL","NOT SPECIFIED","22,050",""
"SURVEY","2017","YEAR - SEP FORECAST","","STATE","MINNESOTA","27","","","","","","","00000000","","CORN","CORN, GRAIN - PLANT POPULATION, MEASURED IN PLANTS / ACRE","TOTAL","NOT SPECIFIED","30,750",""
"SURVEY","2017","YEAR - SEP FORECAST","","STATE","MISSOURI","29","","","","","","","00000000","","CORN","CORN, GRAIN - PLANT POPULATION, MEASURED IN PLANTS / ACRE","TOTAL","NOT SPECIFIED","27,850",""
"SURVEY","2017","YEAR - SEP FORECAST","","STATE","NEBRASKA","31","","","","","","","00000000","","CORN","CORN, GRAIN - PLANT POPULATION, MEASURED IN PLANTS / ACRE","TOTAL","NOT SPECIFIED","25,950",""
"SURVEY","2017","YEAR - SEP FORECAST","","STATE","OHIO","39","","","","","","","00000000","","CORN","CORN, GRAIN - PLANT POPULATION, MEASURED IN PLANTS / ACRE","TOTAL","NOT SPECIFIED","29,250",""
"SURVEY","2017","YEAR - SEP FORECAST","","STATE","SOUTH DAKOTA","46","","","","","","","00000000","","CORN","CORN, GRAIN - PLANT POPULATION, MEASURED IN PLANTS / ACRE","TOTAL","NOT SPECIFIED","26,250",""
"SURVEY","2017","YEAR - SEP FORECAST","","STATE","WISCONSIN","55","","","","","","","00000000","","CORN","CORN, GRAIN - PLANT POPULATION, MEASURED IN PLANTS / ACRE","TOTAL","NOT SPECIFIED","29,450",""
"SURVEY","2016","YEAR","","STATE","ILLINOIS","17","","","","","","","00000000","","CORN","CORN, GRAIN - PLANT POPULATION, MEASURED IN PLANTS / ACRE","TOTAL","NOT SPECIFIED","31,100",""
"SURVEY","2016","YEAR","","STATE","INDIANA","18","","","","","","","00000000","","CORN","CORN, GRAIN - PLANT POPULATION, MEASURED IN PLANTS / ACRE","TOTAL","NOT SPECIFIED","29,800",""
"SURVEY","2016","YEAR","","STATE","IOWA","19","","","","","","","00000000","","CORN","CORN, GRAIN - PLANT POPULATION, MEASURED IN PLANTS / ACRE","TOTAL","NOT SPECIFIED","31,050",""
"SURVEY","2016","YEAR","","STATE","KANSAS","20","","","","","","","00000000","","CORN","CORN, GRAIN - PLANT POPULATION, MEASURED IN PLANTS / ACRE","TOTAL","NOT SPECIFIED","22,550",""
"SURVEY","2016","YEAR","","STATE","MINNESOTA","27","","","","","","","00000000","","CORN","CORN, GRAIN - PLANT POPULATION, MEASURED IN PLANTS / ACRE","TOTAL","NOT SPECIFIED","30,550",""
"SURVEY","2016","YEAR","","STATE","MISSOURI","29","","","","","","","00000000","","CORN","CORN, GRAIN - PLANT POPULATION, MEASURED IN PLANTS / ACRE","TOTAL","NOT SPECIFIED","27,800",""
"SURVEY","2016","YEAR","","STATE","NEBRASKA","31","","","","","","","00000000","","CORN","CORN, GRAIN - PLANT POPULATION, MEASURED IN PLANTS / ACRE","TOTAL","NOT SPECIFIED","26,000",""
"SURVEY","2016","YEAR","","STATE","OHIO","39","","","","","","","00000000","","CORN","CORN, GRAIN - PLANT POPULATION, MEASURED IN PLANTS / ACRE","TOTAL","NOT SPECIFIED","30,250",""
"SURVEY","2016","YEAR","","STATE","SOUTH DAKOTA","46","","","","","","","00000000","","CORN","CORN, GRAIN - PLANT POPULATION, MEASURED IN PLANTS / ACRE","TOTAL","NOT SPECIFIED","26,000",""
"SURVEY","2016","YEAR","","STATE","WISCONSIN","55","","","","","","","00000000","","CORN","CORN, GRAIN - PLANT POPULATION, MEASURED IN PLANTS / ACRE","TOTAL","NOT SPECIFIED","29,800",""
"SURVEY","2016","YEAR - NOV FORECAST","","STATE","ILLINOIS","17","","","","","","","00000000","","CORN","CORN, GRAIN - PLANT POPULATION, MEASURED IN PLANTS / ACRE","TOTAL","NOT SPECIFIED","31,100",""
"SURVEY","2016","YEAR - NOV FORECAST","","STATE","INDIANA","18","","","","","","","00000000","","CORN","CORN, GRAIN - PLANT POPULATION, MEASURED IN PLANTS / ACRE","TOTAL","NOT SPECIFIED","29,800",""
"SURVEY","2016","YEAR - NOV FORECAST","","STATE","IOWA","19","","","","","","","00000000","","CORN","CORN, GRAIN - PLANT POPULATION, MEASURED IN PLANTS / ACRE","TOTAL","NOT SPECIFIED","31,050",""
"SURVEY","2016","YEAR - NOV FORECAST","","STATE","KANSAS","20","","","","","","","00000000","","CORN","CORN, GRAIN - PLANT POPULATION, MEASURED IN PLANTS / ACRE","TOTAL","NOT SPECIFIED","22,550",""
"SURVEY","2016","YEAR - NOV FORECAST","","STATE","MINNESOTA","27","","","","","","","00000000","","CORN","CORN, GRAIN - PLANT POPULATION, MEASURED IN PLANTS / ACRE","TOTAL","NOT SPECIFIED","30,550",""
"SURVEY","2016","YEAR - NOV FORECAST","","STATE","MISSOURI","29","","","","","","","00000000","","CORN","CORN, GRAIN - PLANT POPULATION, MEASURED IN PLANTS / ACRE","TOTAL","NOT SPECIFIED","27,800",""
"SURVEY","2016","YEAR - NOV FORECAST","","STATE","NEBRASKA","31","","","","","","","00000000","","CORN","CORN, GRAIN - PLANT POPULATION, MEASURED IN PLANTS / ACRE","TOTAL","NOT SPECIFIED","26,000",""
"SURVEY","2016","YEAR - NOV FORECAST","","STATE","OHIO","39","","","","","","","00000000","","CORN","CORN, GRAIN - PLANT POPULATION, MEASURED IN PLANTS / ACRE","TOTAL","NOT SPECIFIED","30,250",""
"SURVEY","2016","YEAR - NOV FORECAST","","STATE","SOUTH DAKOTA","46","","","","","","","00000000","","CORN","CORN, GRAIN - PLANT POPULATION, MEASURED IN PLANTS / ACRE","TOTAL","NOT SPECIFIED","26,000",""
"SURVEY","2016","YEAR - NOV FORECAST","","STATE","WISCONSIN","55","","","","","","","00000000","","CORN","CORN, GRAIN - PLANT POPULATION, MEASURED IN PLANTS / ACRE","TOTAL","NOT SPECIFIED","29,800",""
"SURVEY","2016","YEAR - OCT FORECAST","","STATE","ILLINOIS","17","","","","","","","00000000","","CORN","CORN, GRAIN - PLANT POPULATION, MEASURED IN PLANTS / ACRE","TOTAL","NOT SPECIFIED","31,100",""
"SURVEY","2016","YEAR - OCT FORECAST","","STATE","INDIANA","18","","","","","","","00000000","","CORN","CORN, GRAIN - PLANT POPULATION, MEASURED IN PLANTS / ACRE","TOTAL","NOT SPECIFIED","29,950",""
"SURVEY","2016","YEAR - OCT FORECAST","","STATE","IOWA","19","","","","","","","00000000","","CORN","CORN, GRAIN - PLANT POPULATION, MEASURED IN PLANTS / ACRE","TOTAL","NOT SPECIFIED","31,050",""
"SURVEY","2016","YEAR - OCT FORECAST","","STATE","KANSAS","20","","","","","","","00000000","","CORN","CORN, GRAIN - PLANT POPULATION, MEASURED IN PLANTS / ACRE","TOTAL","NOT SPECIFIED","22,550",""
"SURVEY","2016","YEAR - OCT FORECAST","","STATE","MINNESOTA","27","","","","","","","00000000","","CORN","CORN, GRAIN - PLANT POPULATION, MEASURED IN PLANTS / ACRE","TOTAL","NOT SPECIFIED","30,700",""
"SURVEY","2016","YEAR - OCT FORECAST","","STATE","MISSOURI","29","","","","","","","00000000","","CORN","CORN, GRAIN - PLANT POPULATION, MEASURED IN PLANTS / ACRE","TOTAL","NOT SPECIFIED","27,750",""
"SURVEY","2016","YEAR - OCT FORECAST","","STATE","NEBRASKA","31","","","","","","","00000000","","CORN","CORN, GRAIN - PLANT POPULATION, MEASURED IN PLANTS / ACRE","TOTAL","NOT SPECIFIED","25,950",""
"SURVEY","2016","YEAR - OCT FORECAST","","STATE","OHIO","39","","","","","","","00000000","","CORN","CORN, GRAIN - PLANT POPULATION, MEASURED IN PLANTS / ACRE","TOTAL","NOT SPECIFIED","30,100",""
"SURVEY","2016","YEAR - OCT FORECAST","","STATE","SOUTH DAKOTA","46","","","","","","","00000000","","CORN","CORN, GRAIN - PLANT POPULATION, MEASURED IN PLANTS / ACRE","TOTAL","NOT SPECIFIED","26,100",""
"SURVEY","2016","YEAR - OCT FORECAST","","STATE","WISCONSIN","55","","","","","","","00000000","","CORN","CORN, GRAIN - PLANT POPULATION, MEASURED IN PLANTS / ACRE","TOTAL","NOT SPECIFIED","29,900",""
"SURVEY","2016","YEAR - SEP FORECAST","","STATE","ILLINOIS","17","","","","","","","00000000","","CORN","CORN, GRAIN - PLANT POPULATION, MEASURED IN PLANTS / ACRE","TOTAL","NOT SPECIFIED","31,100",""
"SURVEY","2016","YEAR - SEP FORECAST","","STATE","INDIANA","18","","","","","","","00000000","","CORN","CORN, GRAIN - PLANT POPULATION, MEASURED IN PLANTS / ACRE","TOTAL","NOT SPECIFIED","30,200",""
"SURVEY","2016","YEAR - SEP FORECAST","","STATE","IOWA","19","","","","","","","00000000","","CORN","CORN, GRAIN - PLANT POPULATION, MEASURED IN PLANTS / ACRE","TOTAL","NOT SPECIFIED","31,250",""
"SURVEY","2016","YEAR - SEP FORECAST","","STATE","KANSAS","20","","","","","","","00000000","","CORN","CORN, GRAIN - PLANT POPULATION, MEASURED IN PLANTS / ACRE","TOTAL","NOT SPECIFIED","22,550",""
"SURVEY","2016","YEAR - SEP FORECAST","","STATE","MINNESOTA","27","","","","","","","00000000","","CORN","CORN, GRAIN - PLANT POPULATION, MEASURED IN PLANTS / ACRE","TOTAL","NOT SPECIFIED","30,800",""
"SURVEY","2016","YEAR - SEP FORECAST","","STATE","MISSOURI","29","","","","","","","00000000","","CORN","CORN, GRAIN - PLANT POPULATION, MEASURED IN PLANTS / ACRE","TOTAL","NOT SPECIFIED","27,300",""
"SURVEY","2016","YEAR - SEP FORECAST","","STATE","NEBRASKA","31","","","","","","","00000000","","CORN","CORN, GRAIN - PLANT POPULATION, MEASURED IN PLANTS / ACRE","TOTAL","NOT SPECIFIED","25,900",""
"SURVEY","2016","YEAR - SEP FORECAST","","STATE","OHIO","39","","","","","","","00000000","","CORN","CORN, GRAIN - PLANT POPULATION, MEASURED IN PLANTS / ACRE","TOTAL","NOT SPECIFIED","30,250",""
"SURVEY","2016","YEAR - SEP FORECAST","","STATE","SOUTH DAKOTA","46","","","","","","","00000000","","CORN","CORN, GRAIN - PLANT POPULATION, MEASURED IN PLANTS / ACRE","TOTAL","NOT SPECIFIED","26,200",""
"SURVEY","2016","YEAR - SEP FORECAST","","STATE","WISCONSIN","55","","","","","","","00000000","","CORN","CORN, GRAIN - PLANT POPULATION, MEASURED IN PLANTS / ACRE","TOTAL","NOT SPECIFIED","30,100",""
